‘раза;„астотность [WS]
заказать лендинг;3855
заказать лендинг пейдж;820
заказать лендинг под ключ;744
заказать лендинг недорого;339
заказать лендинг пейдж под ключ;308
заказать сайт лендинг;272
заказать лендинг цена;220
заказать лендинг под ключ москва;203
заказать лендинг в москве;193
заказать создание лендинга;174
заказать недорогой лендинг пейдж;164
заказать лендинг дл€ бизнеса;163
заказать лендинг под ключ недорого;157
заказать лендинг екатеринбург;131
заказать сайт лендинг пейдж;105
заказать лендинг пейдж под ключ недорого;103
продающий лендинг заказать;101
заказать лендинг пейдж в екатеринбурге;96
заказать лендинг дл€ магазина;92
заказать дизайн лендинга;86
заказать лендинг в уфе;77
заказать лендинг пейдж цена;75
заказать лендинг пейдж под ключ москва;69
заказать лендинг дл€ строительной компании;68
заказать создание лендинг пейдж;64
заказать лендинг дл€ среднего бизнеса;63
заказать разработку лендинга;62
недорого заказать сайт создание сайта лендинг пейдж;56
заказать лендинг дл€ сетевого бизнеса;55
веб студии дизайн сайтов лендинги заказать сайт;54
заказать текст дл€ лендинга;49
заказать сайт лендинг пейдж в екатеринбурге;39
заказать лендинг дорого;37
заказать лендинг донецк;33
заказать лендинг архангельск;31
